context,question,answer
"Supervised learning is a type of machine learning where the model is trained using labeled data. The goal is to teach the model to make predictions based on known outcomes."," What is supervised learning?"," Supervised learning is a type of machine learning where the model is trained using labeled data."
"Unsupervised learning is a type of machine learning where the model is trained on data without labeled outcomes. It seeks to identify patterns and structures in the data."," What is unsupervised learning?"," Unsupervised learning is a type of machine learning where the model is trained on data without labeled outcomes."
"Reinforcement learning is a machine learning paradigm where agents take actions in an environment to maximize a cumulative reward. It is used for problems where decisions need to be made over time."," What is reinforcement learning?"," Reinforcement learning is a machine learning paradigm where agents take actions in an environment to maximize a cumulative reward."
"Neural networks are computational models inspired by the way biological neural networks in the brain work. They are used to model complex patterns and structures in data."," What are neural networks?"," Neural networks are computational models inspired by the way biological neural networks in the brain work."
"Round Robin scheduling and Priority scheduling are CPU scheduling algorithms. Round Robin is time-sharing based, where each process gets a fixed time slice, while Priority scheduling assigns CPU based on process priority.","Compare and contrast Round Robin scheduling and Priority scheduling.","Round Robin ensures fairness with equal CPU time slices, but it doesn't prioritize important tasks. Priority scheduling prioritizes important tasks but can cause starvation."
"Round Robin scheduling is suitable for systems where fairness is critical, such as time-sharing systems where multiple users need access to CPU resources.","Describe a real-world example where Round Robin scheduling is better than Priority scheduling.","A call center system using Round Robin ensures all agents get equal opportunities to receive calls, preventing favoritism or unfair distribution of tasks."
"Priority scheduling is used in systems where certain tasks are critical, such as real-time systems where high-priority tasks must be executed immediately.","Describe a real-world example where Priority scheduling is better than Round Robin scheduling.","In a hospital's monitoring system, Priority scheduling ensures critical alarms (like heart rate drops) are addressed before routine checks."
"Busy waiting occurs when a process continuously checks for a condition to be met, wasting CPU resources instead of releasing it to other processes.","What is the effect of busy waiting?","Busy waiting wastes CPU cycles, leading to reduced system efficiency and slowing down other processes."
"Internal fragmentation occurs when allocated memory blocks are larger than the required memory, leaving unused space within the block. External fragmentation occurs when free memory is scattered in small blocks, making it unavailable for larger allocations.","Describe how internal fragmentation and external fragmentation occur.","Internal fragmentation occurs when allocated memory blocks are larger than needed, wasting space inside the block. External fragmentation is when free memory is scattered across the system."
"Internal fragmentation happens inside the memory block when it's not fully utilized, while external fragmentation occurs when there are many small free blocks of memory between allocated areas. Both cause inefficient memory use.","Explain the effects of internal and external fragmentation.","Internal fragmentation leads to wasted space inside memory blocks, while external fragmentation makes it difficult to allocate large memory blocks. Both reduce the overall memory utilization."
"Logical to physical address translation in paging involves dividing memory into fixed-size pages and frames. The logical address is split into a page number and an offset. The page number is mapped to a frame number, and the offset remains unchanged. Segmentation divides memory into segments of variable size, and logical addresses are divided into a segment number and an offset, which are mapped to physical memory.","Describe logical to physical address translation in both simple paging and simple segmentation.","In paging, logical addresses are divided into a page number and an offset, mapped to physical memory. In segmentation, logical addresses are divided into a segment number and an offset."
"Paging maps logical addresses to physical addresses using a page table. In a paging system, a Translation Lookaside Buffer (TLB) is used to cache recent page table entries for faster access. The TLB reduces the time to translate logical addresses into physical addresses by storing the most frequently used mappings.","Explain address translation in a paging system using Translation Lookaside Buffer with the support of a diagram.","The TLB stores recent page table entries for faster address translation. When the CPU requests a page, it first checks the TLB. If the entry is found (TLB hit), translation is fast; otherwise, the page table is accessed (TLB miss). [Diagram here]"
"Translation Lookaside Buffer (TLB) caches recent entries from the page table to speed up address translation. A TLB miss occurs when the address is not found in the cache, requiring the system to look up the page table. The TLB increases efficiency by reducing memory access times.","Explain Translation Lookaside Buffer with cache operation.","The TLB reduces memory access times by caching page table entries. When an address is accessed, the TLB is checked first for a cache hit. If it s a miss, the system retrieves the page table entry from memory."
"Burst Mode in Direct Memory Access (DMA) is when the DMA controller takes control of the system bus for a continuous block of data transfer, allowing it to transfer data in large bursts without interruption.","Describe Burst Mode in DMA.","In Burst Mode, the DMA controller transfers a block of data in one go, without releasing control of the system bus until the transfer is complete."
"Cycle Stealing Mode in DMA involves the DMA controller transferring one byte of data at a time by stealing cycles from the CPU, allowing the CPU and DMA to share control of the system bus.","Describe Cycle Stealing Mode in DMA.","In Cycle Stealing Mode, the DMA controller transfers one byte of data per cycle, briefly interrupting the CPU s operations to transfer data."
"Transparent Mode in DMA allows the DMA controller to transfer data only when the CPU is not using the system bus, ensuring that CPU operations are not interrupted.","Describe Transparent Mode in DMA.","In Transparent Mode, the DMA controller transfers data during idle periods when the CPU is not using the bus, ensuring no disruption to the CPU s work."
"Thrashing refers to a situation where the operating system spends most of its time swapping data between the main memory and the disk, resulting in a significant slowdown.","Write a short note on Thrashing.","Thrashing occurs when the system constantly swaps data between RAM and disk due to inadequate memory, leading to poor performance and system slowdown."
"Context Switching happens when the CPU switches from executing one process to another, saving and restoring the state of the processes to ensure they can resume properly.","Write a short note on Context Switching.","Context switching is the process where the CPU switches from one process to another, saving the current state and restoring the state of the next process."
"Overlays are a technique used in memory management where only parts of a program are loaded into memory at a time, reducing the need for large memory allocations.","Write a short note on Overlays.","Overlays allow programs to load only necessary portions into memory, improving memory usage efficiency and enabling larger programs to run on limited memory."
"Semaphore is a synchronization mechanism used to control access to shared resources in a concurrent system such as a multiprogramming environment. A semaphore can be either binary (mutex) or counting.","Describe the use of semaphore with a suitable example.","A semaphore can be used to control access to a shared resource like a printer. If the printer is in use, the semaphore prevents other processes from accessing it until it s available again."
"The readers-writers problem involves managing access to a shared resource between readers and writers. Writers require exclusive access, while readers can share access.","Describe the solution to the readers-writers problem using semaphore.","A common solution uses two semaphores: one for readers (to count the number of readers) and one for writers (to ensure mutual exclusion when a writer is writing)."
"Monitors are a high-level synchronization construct used in operating systems to control access to shared resources. They are more efficient than semaphores in some cases.","What is meant by monitors in the context of operating systems?","A monitor is a synchronization construct that encapsulates shared data and the procedures that operate on the data, ensuring that only one process can execute a procedure at a time."
"Dining Philosophers Problem is a classic synchronization problem where philosophers are seated at a table and need to share resources (forks) while avoiding deadlock.","Describe the solution for the dining philosopher problem using monitors.","A monitor can be used to control the acquisition of forks. Philosophers can only pick up forks if both are available, and the monitor ensures no two philosophers are eating at the same time."
"Busy waiting occurs when a process continuously checks for a condition to be met, consuming CPU time instead of allowing the CPU to be used by other processes.","What is the effect of busy waiting?","Busy waiting wastes CPU resources, as the CPU is occupied checking conditions rather than executing other tasks, leading to inefficient system performance."
"Buddy memory allocation is a memory allocation technique where memory blocks are split into two equal parts (buddies) to allocate memory dynamically. It helps to reduce fragmentation.","Describe the advantages and disadvantages of Buddy memory allocation system.","Advantages: Simple, efficient allocation, reduces external fragmentation. Disadvantages: Causes internal fragmentation, and may not efficiently handle all size requests."
"In Buddy memory allocation, if memory is requested, the system splits a larger block into smaller buddies. It then assigns a suitable block to the request.","Consider a Buddy system with 1MB of available memory and requests for 42KB, 396KB, 10KB, and 28KB. Show the amount of memory allocated for each request and the state of memory after each request.","The system will allocate memory in powers of 2 (like 64KB, 512KB). Each request is fulfilled by finding a suitable buddy, splitting if necessary, and allocating a block."
"Internal fragmentation occurs when allocated memory blocks are larger than the requested memory, causing wasted space inside the block.","Why does internal fragmentation occur with buddy allocation? How much internal fragmentation exists in this scenario?","Internal fragmentation happens because buddy allocation rounds up to the nearest power of 2. In this scenario, there will be wasted space inside allocated blocks for certain requests (e.g., 10KB allocated in a 16KB block)."
"External fragmentation occurs when free memory is scattered in small blocks, making it difficult to allocate large contiguous blocks.","Why does external fragmentation occur with buddy allocation? How much external fragmentation exists in this scenario?","External fragmentation happens because buddy allocation may leave small gaps between allocated memory blocks. These gaps may not be large enough to fulfill further requests."
"Paging divides memory into fixed-size blocks, called pages, and allows for easier memory management. Segmentation divides memory into variable-sized segments.","Compare and contrast paging and segmentation systems.","Paging uses fixed-size pages and frames, minimizing fragmentation. Segmentation divides memory into variable-sized segments, making it easier to map logically to program structures."
"A page table maps virtual addresses to physical addresses, allowing the operating system to manage memory efficiently.","Describe the use of the page table.","The page table stores mappings between virtual addresses (pages) and physical addresses (frames) for efficient memory management in a paging system."
"In a single-level paging scheme, the virtual address space is divided into pages. The page table helps map these pages to physical frames in memory.","Consider a single-level paging scheme. The virtual address space is 4 MB and page size is 4 KB. What is the maximum page table entry size possible such that the entire page table fits in one page?","The page table would have 1024 entries (4MB / 4KB), and each entry must fit in 4 bytes to fit in one page."
"Translation Lookaside Buffer (TLB) is a cache that stores recent page table entries to speed up address translation.","Describe the use of lookaside buffer with the use of a diagram.","The TLB stores recent translations of virtual addresses to physical addresses. When a CPU accesses memory, the TLB is checked for the translation before the page table. [Diagram here]"
"Segmentation involves dividing a program into variable-sized segments, each of which can be mapped to different parts of memory.","Describe the address translation of a simple segmentation system with the use of a diagram.","In segmentation, the logical address is split into a segment number and offset. The segment number is used to look up the segment base in a segment table, and the offset is added to get the physical address. [Diagram here]"
"Programmed I/O, Interrupt-driven I/O, and Direct Memory Access (DMA) are different methods of transferring data to and from I/O devices.","Compare and contrast programmed I/O, interrupt-driven I/O, and direct memory access I/O.","Programmed I/O involves the CPU directly controlling data transfer. Interrupt-driven I/O uses interrupts to notify the CPU when data is ready. DMA allows devices to directly transfer data to memory without CPU intervention."
"Burst mode, Cycle stealing, and Transparent mode are different DMA transfer modes used to control how the CPU and DMA controller share the system bus.","Compare and contrast burst mode, cycle stealing mode, and transparent mode in the context of transferring data through DMA.","In burst mode, DMA takes full control of the bus for the entire transfer. In cycle stealing, DMA steals cycles from the CPU to transfer data one byte at a time. In transparent mode, DMA only transfers data when the CPU is not using the bus."
"DMA configurations include different ways in which DMA controllers manage memory access. These configurations affect system performance and resource sharing.","Describe the advantages and disadvantages of different DMA configurations.","Advantages: DMA improves data transfer speed by bypassing the CPU. Disadvantages: DMA can cause contention for system resources, and complex configurations may require additional management."
"Thrashing occurs when the system spends more time swapping data between memory and disk than executing processes.","Write short notes on Thrashing.","Thrashing happens when there is not enough physical memory to handle running processes, leading to excessive paging and poor system performance."
"Page fault occurs when the data required by a program is not in physical memory and needs to be fetched from disk.","Write short notes on Page fault.","A page fault occurs when a process accesses a page that is not currently in memory, requiring the operating system to load it from secondary storage."
"Paging fetch policy defines how pages are brought into memory during a page fault.","Write short notes on Paging fetch policy.","Paging fetch policy determines how pages are selected and fetched from disk to memory, such as least recently used (LRU) or first-in-first-out (FIFO)."
"Paging cleaning policy defines how pages are written back to disk when they are no longer needed in memory.","Write short notes on Paging cleaning policy.","Paging cleaning policy determines when and how modified pages are written back to disk, either through lazy writing or write-through mechanisms."
"Mutual exclusion ensures that only one process can access a critical section of code at a time, preventing race conditions.","Write short notes on Mutual exclusion.","Mutual exclusion is a property that ensures only one process can access a critical resource or critical section at a time to avoid conflicts and data corruption."
"Image: A representation of visual information, typically in the form of pixels, often stored in digital formats. A Graphic is a representation of abstract visual elements like shapes, lines, and text.","Discuss the term 'Image' and how it differs from a 'Graphic'.","An image represents visual information (e.g., photos), while graphics refer to designed or computer-generated visuals (e.g., logos, diagrams)."
"Image Processing: Refers to the manipulation of an image to enhance its quality or extract useful information.","What is 'Image Processing'? Discuss why it is important.","Image processing involves techniques to improve image quality or analyze the content. It's important in fields like medical imaging, surveillance, and automation."
"Components of Digital Image Processing System: The basic components include image acquisition, preprocessing, enhancement, segmentation, and interpretation.","What are the components of digital image processing system? Explain each in detail.","Components include: 1. Image Acquisition (capturing the image), 2. Preprocessing (removing noise), 3. Enhancement (improving quality), 4. Segmentation (dividing the image into regions), 5. Interpretation (analyzing the segments)."
"Fundamental Steps in Digital Image Processing: This includes image acquisition, preprocessing, transformation, and analysis. The difference between human vision and a camera is that humans have complex visual processing capabilities.","In detail, explain the fundamental steps involved in digital image processing systems. Discuss how our vision is different from what is presented by the camera.","Steps include: 1. Acquisition, 2. Preprocessing, 3. Enhancement, 4. Segmentation, 5. Feature Extraction. Human vision processes complex context, whereas cameras capture raw data and require processing to interpret."
"Image Acquisition System: Refers to the hardware used to capture visual data (e.g., cameras, scanners).","Explain about image acquisition system in detail.","Image acquisition involves hardware systems that convert visual data (light) into digital format, using devices like cameras, scanners, or sensors."
"Hue refers to the color type, Saturation is the intensity of the color, and Gray Level refers to the brightness in an image. Image Degradation occurs when an image quality is reduced due to noise or blurring. Restoration is the process of recovering the image to its original state.","Define the terms: Hue, Saturation, and Gray Level. What is image degradation and restoration? Explain them with examples.","Hue is the color itself (red, blue). Saturation refers to color intensity. Gray Level is the brightness (0 to 255 for an 8-bit image). Degradation can happen from noise or blur, while restoration improves the image quality (e.g., removing blur)."
"Noise model for image restoration includes types of noise like Gaussian, salt-and-pepper, etc. Image restoration aims to reduce noise and restore original quality.","Explain the Noise model for image restoration.","The noise model describes different types of noise (Gaussian, salt-and-pepper, etc.). Image restoration aims to filter out this noise and recover the image's original quality."
"Mean filters, Order Statistic filters, and Adaptive filters are all used for image restoration. Mean filters average neighboring pixel values. Order statistic filters use statistics like the median. Adaptive filters change based on image characteristics.","Discuss the basic functionality of Mean filters, Order Statistic filters, and Adaptive filters in image restoration.","Mean Filters: Average pixels to smooth an image. Order Statistic Filters: Use the median to reduce noise. Adaptive Filters: Adjust based on local image properties to remove noise."
"Image Degradation occurs due to factors like noise or blurring. Convolution is a mathematical operation used to apply filters on images for enhancement or restoration.","Discuss the three ways to estimate the image degradation function. Discuss spatial correlation and convolution.","The degradation function can be estimated through known blur kernels, noise models, or empirical analysis. Spatial Correlation refers to pixel relationships; Convolution applies a filter (kernel) to the image to perform operations like smoothing or sharpening."
"Spatial Domain refers to the original pixel values, while the Frequency Domain involves frequency-based transformations like Fourier transforms.","Distinguish between spatial & frequency domain image enhancement.","Spatial Domain directly manipulates pixels (e.g., smoothing). Frequency Domain uses Fourier transforms to process image frequencies (e.g., noise reduction, sharpness)."
"Spatial Filtering is used for tasks like blurring, sharpening, and edge detection. Filters are applied to images in the spatial domain.","Discuss 'Spatial Filtering' with suitable examples.","Spatial Filtering applies a filter (e.g., Gaussian filter) directly to image pixels to alter their properties, such as blurring or sharpening. Example: applying a kernel to smooth an image."
"Derivative Filtering detects edges and changes in an image by computing the first and second derivatives.","(i) What is the purpose of 'Derivative Filtering'?","Derivative filtering is used to detect edges, boundaries, or transitions between different regions in an image. It uses the first or second derivatives to highlight areas of change."
"Sampling refers to the process of converting a continuous image into a discrete one by selecting specific points in the image to represent the whole.","What is 'sampling'? Explain how an image is digitized by a sampling process.","Sampling involves selecting a grid of points from the continuous image to create a digital version, quantizing the image's intensity values at each sample."
"Adjacency in image analysis describes relationships between pixels. 4-adjacency, 8-adjacency, and m-adjacency define which neighboring pixels are considered connected.","Consider two image subsets S1 and S2 shown in figure 2. For V = {1}, determine whether these two subsets are: (i) 4-adjacent, (ii) 8-adjacent, or (iii) m-adjacent.","4-adjacency: pixels that share edges; 8-adjacency: pixels that share edges or corners; m-adjacency: customizable adjacency rule based on specific criteria."
"Set operations like union, intersection, and difference help analyze pixel groups (e.g., foreground vs. background).","Considering the foreground I-valued and background as 0-valued sets of pixels in a binary image, and its regions (objects) as being composed of foreground pixels, the set operations of two sets of coordinates, A and B, in 2-D space can be shown as in figure 3.","Set operations like Union, Intersection, and Difference allow the comparison and manipulation of pixel groups, which helps in image segmentation and feature extraction."
"Color Models are mathematical models used to represent colors in images, e.g., RGB, HLS, etc. The human vision system helps interpret visual data based on light wavelengths.","Write short notes on the following topics: a) Color models for image processing","Color Models: Represent colors in various formats like RGB (Red, Green, Blue), CMYK (Cyan, Magenta, Yellow, Black). These models help in digital image representation and manipulation."
"Analog-to-Digital Conversion is the process of converting continuous signals to discrete values using sampling and quantization.","Write short notes on the following topics: c) The analog to digital conversion process","Analog-to-Digital Conversion involves sampling the continuous signal at intervals and quantizing the values to a finite set of discrete levels, enabling digital processing."
"Fourier Transformation is used in image processing to analyze the frequency components of an image, helping with tasks like compression and noise removal.","Write short notes on the following topics: d) Fourier transformation in image processing","Fourier Transformation converts spatial domain representations (pixel data) into frequency domain representations, allowing easier analysis and manipulation of image frequencies."
"Brightness is the perceived intensity of light, while Contrast refers to the difference between light and dark areas in an image.","Write short notes on the following topics: e) Brightness and Contrast of a digital image","Brightness controls the overall lightness or darkness of an image, while Contrast adjusts the difference between the darkest and lightest areas, enhancing details."
"Electromagnetic Spectrum encompasses all types of electromagnetic radiation, including visible light, infrared, and ultraviolet, which are used in imaging.","Write short notes on the following topics: f) The electromagnetic spectrum","The Electromagnetic Spectrum includes all radiation types from radio waves to gamma rays. In imaging, it covers the visible light spectrum and beyond (e.g., infrared, ultraviolet)."
"Parallelism refers to the execution of multiple tasks concurrently. Multi-threading allows multiple threads of execution within a single process. MIMD (Multiple Instruction Multiple Data) is a system where different processors execute different instructions on different data simultaneously. Synchronization ensures that concurrent tasks operate without conflicts or data corruption.","Write short notes for the following terms: Parallelism, Multi-Threading, MIMD, Synchronization.","Parallelism: The execution of tasks concurrently to improve performance."
,,"Multi-Threading: Running multiple threads simultaneously within a single process for better CPU utilization."
,,"MIMD: A parallel computing architecture where different processors perform different operations on separate data."
,,"Synchronization: Coordinating the execution of multiple tasks to avoid conflicts or data inconsistencies."
"Distributed memory involves separate memory for each processor, while shared memory architecture allows all processors to access the same memory space. Distributed systems rely on message-passing for communication, while shared memory systems are often used for tasks requiring high communication frequency.","Compare and contrast distributed memory and shared memory architecture.","Distributed Memory: Each processor has its own memory; communication is via message passing. It s more scalable but has higher communication latency."
,,"Shared Memory: All processors share the same memory space; communication is easier, but memory contention can occur, and synchronization is needed."
"Shared memory systems are effective in environments where processors need to access common data. In contrast, distributed memory systems are used for larger systems where processors are distributed across nodes.","Describe a practical scenario in which shared memory can be applied over distributed memory.","A practical scenario for shared memory would be a multi-core processor used in a database server. The threads handling queries need to access shared data structures, and using shared memory reduces the need for complex message-passing."
"Identifying parallelizable tasks involves determining whether a task can be broken down into smaller, independent units that can execute concurrently. A program with multiple independent loops or tasks that do not depend on each other can be parallelized.","Explain how you identify a parallelizable program or scenario.","A parallelizable program is one where:"
,,#NAME?
,,#NAME?
,,#NAME?
"Data dependency refers to the relationship between tasks where one task s output becomes another task s input. If tasks are dependent on each other, they cannot be executed in parallel without proper synchronization.","Define the term 'data dependency'.","Data dependency is when one task requires the result of another task to execute. This dependency prevents concurrent execution without managing the sequence of operations."
"Load balancing ensures tasks are evenly distributed among processors. It can be achieved through dynamic scheduling or task migration where work is reassigned to processors based on their current workload.","What is load balancing? How can it be achieved in parallel computing?","Load balancing ensures tasks are evenly distributed among processors. It can be achieved through dynamic scheduling or task migration where work is reassigned to processors based on their current workload."
"Asynchronous parallel algorithms allow tasks to execute independently without waiting for other tasks to finish. This model can be more efficient if tasks have variable execution times.","Demonstrate the functionality of the asynchronous parallel algorithm for computing Xn+1.","In the asynchronous model, each processor computes a part of the task without waiting for others. For example, in computing Xn+1=f(Xn)+g(Xn)+h(Xn)X_{n+1} = f(X_n) + g(X_n) + h(X_n)Xn+1?=f(Xn?)+g(Xn?)+h(Xn?), each processor computes a separate function and shares the result when needed."
"MPI (Message Passing Interface) is a standard for parallel programming that allows processes to communicate in a distributed memory environment.","In the context of MPI, what is meant by each of the following keywords: MPI_RECV, MPI_SEND, MPI_INT, MPI_COMM_SIZE, MPI_COMM_RANK?","MPI_RECV: Function for receiving a message from another process."
,,"MPI_SEND: Function for sending a message to another process."
,,"MPI_INT: Data type constant for integers in MPI."
,,"MPI_COMM_SIZE: Function that returns the size (number of processes) in a communicator."
,,"MPI_COMM_RANK: Function that returns the rank (identifier) of a process in a communicator."
"MPI_BCAST and MPI_REDUCE are both collective communication operations, but they serve different purposes. BCAST is used to distribute data from one process to all others, while REDUCE performs a reduction operation across all processes.","Differentiate the two operations MPI_BCAST and MPI_REDUCE.","MPI_BCAST: Broadcasts data from one process to all others in a communicator."
,,"MPI_REDUCE: Performs a reduction operation (e.g., sum, max) on data from all processes and returns the result to a root process."
"Amdahl's Law shows the theoretical speedup of a program when only a portion of it is parallelized. It suggests that increasing the number of processors improves performance up to a point, but the benefits diminish with the serial portion of the task.","Do you think that concurrency can be improved by increasing the number of processors? Explain your answer with Amdahl s Law.","Concurrency can improve with more processors, but only if the parallelizable portion of the program is significant. According to Amdahl s Law:"
"Digital Image Processing is used in many fields, such as medical imaging, video surveillance, remote sensing, and image enhancement.","List four applications of digital image processing.","1. Medical Imaging: Used for analyzing X-rays, MRI scans, and CT scans."
,,"2. Video Surveillance: Analyzing and enhancing security camera footage."
,,"3. Remote Sensing: Processing satellite images to monitor environmental changes."
,,"4. Image Enhancement: Improving image quality for visual or analysis purposes."
"Digital image processing involves various steps to manipulate, analyze, and improve images for different applications. These steps include acquisition, pre-processing, segmentation, and post-processing.","Briefly describe the fundamental steps in digital image processing.","The fundamental steps in digital image processing are:"
,,"1. Image Acquisition: Capturing the image through devices like cameras."
,,"2. Pre-processing: Enhancing or cleaning the image (e.g., noise reduction)."
,,"3. Segmentation: Dividing the image into meaningful regions or objects."
,,"4. Post-processing: Refining or enhancing the image to achieve desired results."
"The size of an image is determined by its resolution (number of rows and columns) and the number of possible shades of gray per pixel.","An image has 1024 rows, 1024 columns, and 256 different shades of gray. Calculate the size of the image in bits.","The size of the image can be calculated as:"
,,"Size in bits=(Number of rows) (Number of columns) (Number of bits per pixel)\text{Size in bits} = (\text{Number of rows}) \times (\text{Number of columns}) \times (\text{Number of bits per pixel})Size in bits=(Number of rows) (Number of columns) (Number of bits per pixel)"
,,"Given 1024 rows, 1024 columns, and 256 shades of gray (which requires 8 bits per pixel), the size is:"
,,"1024 1024 8=8,388,608 bits1024 \times 1024 \times 8 = 8,388,608 \text{ bits}1024 1024 8=8,388,608 bits"
"Image interpolation refers to the process of estimating unknown pixel values in an image when resizing or rotating. Methods like bilinear and cubic interpolation are commonly used.","What is image interpolation? Name two methods used for image interpolation.","Image Interpolation: The process of estimating pixel values when an image is resized, rotated, or transformed."
,,"Methods:"
,,"1. Bilinear Interpolation: Estimates new pixel values using a weighted average of the four nearest pixels."
,,"2. Cubic Interpolation: Uses 16 nearest pixels to estimate new pixel values for smoother results."
"Histograms are useful for analyzing image brightness, with the brightness of the image affecting the distribution of pixel values.","How can we differentiate a histogram of a darker image from a brighter image?","In a darker image, the histogram will be skewed towards the lower pixel values (left side), indicating that most of the pixels are dark."
,,"In a brighter image, the histogram will be skewed towards the higher pixel values (right side), indicating that most of the pixels are bright."
"Erosion and dilation are operations used in image processing to modify the structure of objects in binary or grayscale images. They are often used in morphological transformations.","Describe erosion and dilation for Binary image and Gray-scale image.","Erosion: Removes pixels from the edges of objects in an image, shrinking the object size. In binary images, a pixel is set to 1 if all its neighbors are 1."
,,"Dilation: Expands the boundaries of objects in an image by adding pixels to the edges. In binary images, a pixel is set to 1 if any of its neighbors are 1."
,,"Gray-scale Erosion/Dilation: Similar concept, but the operations are applied to intensity values instead of binary values."
"Image segmentation is the process of partitioning an image into distinct regions, making it easier to analyze. It is crucial for applications like object recognition and tracking.","What is image segmentation?","Image Segmentation: The process of dividing an image into multiple segments or regions, each representing different objects or features in the image. This is done to simplify the analysis of the image for tasks such as object recognition or tracking."
"Region-based segmentation involves dividing an image into regions based on certain properties like texture, color, or intensity. Both top-down and bottom-up approaches can be used.","Write a 3x3 mask that can be used to find the vertical edges. Explain the concept of region-based segmentation considering both top-down and bottom-up approaches.","3x3 Mask for Vertical Edges (Sobel Operator):"
,,"[?101?202?101]\begin{bmatrix} -1 & 0 & 1 \\ -2 & 0 & 2 \\ -1 & 0 & 1 \end{bmatrix}"
"Parallel processing is needed to handle complex, time-consuming tasks that require high computational power, such as simulations, data analysis, and AI training.","Justify the need of parallel processing for modern computation activities.","Parallel processing allows for breaking down large tasks into smaller sub-tasks, distributing them across multiple processors, which leads to faster execution and improved efficiency, especially for complex and large-scale computations."
"Flynn's taxonomy categorizes multi-processor systems into four types based on the number of instruction and data streams.","Briefly describe the four multi-processor computer architectures that can be distinguished using Flynn's taxonomy. Which of these are suitable for parallel computing?","1. SISD (Single Instruction Stream, Single Data Stream): Traditional single-processor systems."
,,"2. SIMD (Single Instruction Stream, Multiple Data Streams): Suitable for parallel computing, where one instruction is applied to multiple data (e.g., vector processors)."
,,"3. MISD (Multiple Instruction Streams, Single Data Stream): Rare, used in fault-tolerant systems."
,,"4. MIMD (Multiple Instruction Streams, Multiple Data Streams): Suitable for parallel computing, allows independent processors to execute different instructions on different data."
"Inter-process communication (IPC) methods allow processes to exchange data. Shared memory and distributed memory are two common methods for IPC.","Discuss the inter-process communication with shared memory and distributed memory.","Shared Memory: All processes share a common memory space, and communication is done via read/write operations to this shared space. It's faster but may involve synchronization issues."
,,"Distributed Memory: Each processor has its local memory, and processes communicate by sending messages across the network. It's more scalable but has higher communication latency."
"Parallel computing allows multiple processors to work on different parts of a task simultaneously, speeding up the computation process.","There are 200 numbers. It is required to compute the product of them. Demonstrate how you could compute these in parallel with 25 processors using shared memory and distributed memory separately. Define the terms speedup and efficiency.","Shared Memory: Divide the 200 numbers into 25 groups (8 numbers per group). Each processor computes the product of its group, and the results are combined."
,,"Distributed Memory: The numbers are distributed across 25 processors, each computes a local product, and then a final reduction step is performed to get the total product."
,,"Speedup: Ratio of time taken by a sequential execution to the time taken by parallel execution."
,,"Efficiency: Speedup divided by the number of processors."
"A parallel algorithm's performance can be measured by speedup and efficiency.","A parallel algorithm contains 5500 operations each of which takes 3 time units. 25% of the operations should be done sequentially and the rest could be done in parallel with 250 processors. Calculate the speedup and efficiency.","Total Operations = 5500, Sequential Operations = 25% of 5500 = 1375."
,,"Parallel Operations = 75% of 5500 = 4125."
,,"Sequential Time = 1375 * 3 = 4125 time units."
,,"Parallel Time = 4125 / 250 = 16.5 time units (assuming ideal load balancing)."
,,"Speedup = (Sequential Time) / (Parallel Time) = 4125 / 16.5 ? 250."
,,"Efficiency = Speedup / Number of Processors = 250 / 250 = 1 (ideal efficiency)."
"MIMD (Multiple Instruction Multiple Data) is used for systems where different processors perform different tasks. Parallel algorithms in MIMD machines are classified based on task division.","Briefly explain the classification of parallel algorithms for MIMD machines.","MIMD parallel algorithms are classified into:"
,,"1. Data Parallel Algorithms: Perform the same operation on different data elements."
,,"2. Task Parallel Algorithms: Different tasks are executed in parallel on different processors, typically involving communication."
"Speedup in parallel computing refers to the reduction in execution time with multiple processors. Granularity refers to the size of tasks that can be processed in parallel.","In the context of parallel algorithm design, briefly explain the following terms:","1. Decomposition: Breaking down a task into smaller, independent subtasks that can be executed in parallel."
,"1. Decomposition","2. Granularity: The size of the task assigned to each processor; smaller granularity may lead to high overhead."
,"2. Granularity","3. Degree of Concurrency: The number of tasks that can be executed simultaneously."
,"3. Degree of Concurrency","4. Mapping: Assigning tasks to processors in a parallel system to ensure load balancing and efficient execution."
,"4. Mapping",
"SQL queries can be decomposed into smaller tasks based on the operations involved, allowing them to be parallelized.","Consider the following SQL query.","The query can be decomposed into these tasks:"
,"SELECT Student.name, Course.code FROM Student, Course, Enroll WHERE Student.sid=Enroll.sid AND Course.code=Enroll.cid AND Course.credits > 2 AND Enroll.semester= 2;","1. Task 1: Retrieve all students that match the enrollment conditions."
,"Illustrate how you could decompose this query into several tasks.","2. Task 2: Retrieve all courses with more than 2 credits."
,,"3. Task 3: Join the results from Tasks 1 and 2 based on student and course IDs."
,,"4. Task 4: Filter by semester."
"A Task Dependency Graph (TDG) helps in visualizing the dependencies between tasks in parallel computing.","Draw a Task Dependency Graph (TDG) for your decomposition in (b).","(A graphical TDG will illustrate dependencies between the SQL tasks mentioned above, with arrows indicating data dependencies from one task to another.)"
"Network topologies define how nodes in a network are interconnected.","List and describe three network topologies with diagrams.","1. Bus Topology: All devices are connected to a single communication line."
,,"2. Ring Topology: Each device is connected to two other devices forming a closed loop."
,,"3. Mesh Topology: Every device is connected to every other device, providing high redundancy."
"Interconnection networks are used to connect processors and memory in a parallel system.","Define the following metrics for interconnection networks:","1. Network Connectivity: The number of connections required to reach any node from any other node."
,"1. Network connectivity","2. Network Diameter: The longest shortest path between any two nodes."
,"2. Network diameter","3. Narrowness: The number of links per node."
,"3. Narrowness","4. Network Expansion Increments: How the network grows when nodes are added."
,"4. Network expansion increments",
"The hypercube network is a highly connected network used for parallel computing.","Consider a 7-dimensional hypercube network.","1. Nodes in a 7-dimensional hypercube: 2^7 = 128 nodes."
,"1. How many nodes are in the network?","2. Communication links: 7 * 64 = 448 links."
,"2. How many communication links are there?","3. Shortest path between nodes 123 and 64: 123 and 64 differ in 2 bits, so the shortest path has 2 hops."
,"3. Find a shortest path between the nodes 123 and 64.",
"MPI (Message Passing Interface) is a standard for communication in parallel computing.","What is MPI? What are the minimum set of functions provided by MPI?","MPI: A standard for message-passing communication between processes in parallel computing."
,,"Minimum functions:"
,,"1. MPI_INIT: Initializes MPI environment."
,,"2. MPI_COMM_SIZE: Gets the number of processes."
,,"3. MPI_COMM_RANK: Gets the rank of a process."
,,"4. MPI_SEND: Sends a message."
,,"5. MPI_RECV: Receives a message."
"MPI supports collective communication operations for processes to work together.","Differentiate the two operations MPI_BCAST and MPI_REDUCE.","1. MPI_BCAST: Broadcasts data from one process to all other processes."
,,"2. MPI_REDUCE: Combines data from all processes and reduces it to one process (e.g., sum, product)."
"Concurrency is the ability to execute multiple tasks simultaneously. Increasing processors may not always increase performance due to limitations like synchronization overhead and Amdahl's Law.","Do you think that concurrency can be improved by increasing the number of processors? Explain your answer.","Increasing processors can improve concurrency, but only to a limit, as certain parts of the program may remain sequential. Amdahl's Law illustrates that the speedup is limited by the sequential portion of the program."
"High Performance Computing (HPC) involves using powerful computers to solve complex problems that require significant computational resources.","What is High Performance Computing (HPC)?","HPC: Using parallel processing, large clusters, or supercomputers to solve scientific, engineering, and industrial problems requiring high computational power."
"Shared memory systems are commonly used in parallel computing.","Briefly discuss the four subclasses of shared memory machines.","1. SMP (Symmetric Multiprocessing): Multiple processors share a single memory space."
,,"2. NUMA (Non-Uniform Memory Access): Processors have their local memory, but they can access remote memory with higher latency."
,,"3. UMA (Uniform Memory Access): Memory access time is the same for all processors."
,,"4. CC-NUMA: Combines aspects of both UMA and NUMA."
"Load balancing distributes tasks evenly across processors to ensure no processor is idle or overburdened.","What is load balancing? How to achieve it in parallel computing?","Load Balancing: Distributing computational tasks evenly across processors. It can be achieved through dynamic task allocation, ensuring all processors work efficiently without idling or overloading."
"Asynchronous parallel algorithms allow tasks to be processed independently, without waiting for others.","It is required to compute Xl, X2, X3 and X4 using the following equation. Xn+1 = f (Xn) + g(Xn) + h(Xn). Assume there are 4 processors, and the initial value is XO. Demonstrate the functionality of asynchronous parallel algorithm.","Processors execute their respective calculations without waiting for other processors. Each processor computes its value for Xn+1 asynchronously, allowing parallel processing of tasks with minimal idle time."
"Batch Systems","a) Describe the disadvantages/problems of batch systems and describe the solutions for those problems.","Disadvantages of Batch Systems:"
,,"1. Lack of Interaction: Users cannot interact with the system while their tasks are being processed."
,,"2. Inefficient Resource Utilization: Batch processing can lead to underutilization of resources as jobs are processed one by one."
,,"3. Long Turnaround Time: Jobs must wait for others to finish, which can lead to long waiting times."
,,"4. Error Handling: Errors in one job can cause the entire batch to fail, leading to delays."
,,"Solutions:"
,,"1. Implement interactive systems to allow real-time communication."
,,"2. Use job scheduling algorithms to improve resource utilization."
,,"3. Parallel Processing to reduce waiting time and increase efficiency."
,,"4. Implement error recovery mechanisms to prevent batch failure."
"Real-time Systems","b) Describe the real-time systems with suitable examples.","Real-Time Systems are systems that require processing and responding to inputs within a strict time frame. They are classified into two types:"
,,"1. Hard Real-Time Systems: These systems have a strict deadline, and failure to meet the deadline can lead to catastrophic results. Example: Airbag system in cars."
,,"2. Soft Real-Time Systems: These systems can tolerate some delays, but performance degrades if deadlines are missed frequently. Example: Video streaming."
"Task Distribution among Students","c) 16 students are given the task of adding 4096 numbers. One student will take 10 seconds to add two numbers. What is the time duration they may take to complete the task efficiently? Describe clearly how they may perform the task.","Total numbers to add = 4096."
,,"Time for one student to add 2 numbers = 10 seconds."
,,"Time to add all numbers sequentially = (4096 / 2) * 10 = 20,480 seconds."
,,"Task distribution: Divide the 4096 numbers equally among 16 students, each will handle 256 numbers. Each student adds pairs of numbers in 10 seconds. The total time for the 16 students will be 256 * 10 = 2560 seconds (assuming perfect parallelization)."
"Process Control Block (PCB)","d) Describe process control block.","A Process Control Block (PCB) is a data structure used by the operating system to store information about a process. It contains:"
,,"1. Process ID: Unique identifier."
,,"2. Program Counter: Address of the next instruction to be executed."
,,"3. CPU Registers: State of the processor."
,,"4. Memory Management Information: Base and limit registers."
,,"5. Process State: The current state of the process (running, waiting, etc.)."
,,"6. Scheduling Information: Information used by the scheduler."
"Context Switching","b) Describe context switching and the effect of it.","Context Switching occurs when the CPU switches from executing one process to another. The OS saves the state of the current process and loads the state of the next process."
,,"Effect:"
,,"1. Overhead: It introduces some overhead due to the need to save and load process states."
,,"2. Performance: Frequent context switching can degrade system performance."
"Teacher Movement Problem","c) A school with 2-story building. One teacher takes 1 minute to move within a floor and 3 minutes between adjacent floors. The teacher has 8 subjects to teach. Find the maximum and minimum time a teacher spends moving between classes.","Assumptions: The teacher moves between classes in the most efficient way (minimizing inter-floor movement)."
,,"Maximum Time: The teacher may need to move between floors frequently. For 8 subjects, assuming 4 classes on each floor, the teacher may move from one floor to another every 2 periods. Maximum time = (1 minute * 7 moves on the same floor) + (3 minutes * 6 moves between floors) = 7 + 18 = 25 minutes."
,,"Minimum Time: If all classes are on the same floor, only the 1-minute transitions between subjects are required. Minimum time = 7 * 1 = 7 minutes."
"Inter-Process Communication","d) Describe inter-process communication.","Inter-process communication (IPC) refers to the mechanisms that allow processes to communicate and synchronize their actions. These mechanisms include:"
,,"1. Shared Memory: Processes share a region of memory to exchange data."
,,"2. Message Passing: Processes send and receive messages to communicate."
,,"3. Pipes: A one-way communication channel between processes."
"Bank Queue Problem","a) In a bank with 4 counters, some bank staff are slow in processing transactions, causing unfair waiting times. How can you solve this problem?","Solution: Implement a Round-Robin Scheduling system, where customers are alternately assigned to counters based on availability. This ensures that each customer waits a fair amount of time. Additionally, load balancing can be used, where the slow staff members are assigned fewer tasks or given extra assistance to speed up processing."
"Loyal Customer Preference","b) How can you implement priority for loyal customers in a bank queue?","Solution: Implement Priority Scheduling, where loyal customers are assigned higher priority in the queue. A loyalty flag can be set for loyal customers, and they are processed before other customers, regardless of their position in the queue."
"Load Balancing","c) Describe the effect of load balancing.","Load Balancing refers to the distribution of tasks across multiple processors or resources to ensure no single processor is overwhelmed. It improves system efficiency, reduces response time, and optimizes resource utilization. Poor load balancing can lead to underutilization of resources and increased waiting times for tasks."
"Hard vs. Soft Real-Time Systems","d) Compare and contrast hard real-time systems and soft real-time systems.","Hard Real-Time Systems: These systems have strict deadlines, and missing a deadline can cause failure or significant consequences (e.g., flight control systems)."
,,"Soft Real-Time Systems: These systems can tolerate some delay without catastrophic consequences, but performance may degrade if deadlines are missed frequently (e.g., online gaming)."
"Deadlock","a) Describe the term Deadlock and its effects in the context of operating systems.","Deadlock occurs when a group of processes become stuck, each waiting for another to release resources, and thus none can proceed. It can lead to resource wastage and system hang-ups."
,,"Effects: Deadlock can halt process execution, reduce system efficiency, and require manual intervention to resolve."
"Deadlock Conditions","b) A system has 3 user processes (P1, P2, P3) and one resource R. Process P1 requires 21 units, P2 requires 31 units, and P3 requires 41 units. <br> i. What is the maximum number of units of R for which deadlock may occur? <br> ii. What is the minimum number of units of R that ensures no deadlock?","i. Maximum for Deadlock: To cause deadlock, the sum of the resources requested by processes must exceed the available units. The maximum is when the sum of the resource needs of all processes is greater than the total available units, causing a circular wait. In this case, 21 + 31 + 41 = 93 units."
,,"ii. Minimum for No Deadlock: The minimum number of resources to avoid deadlock would be the sum of the maximum needs of all processes minus one, which is 93 - 2 = 91 units."
"Deadlock-Free Condition","c) Consider a system having m resources and n processes. The system is deadlock-free if the sum of all max needs is less than m+n.","Justification: If the sum of all maximum resource needs is less than the number of resources plus the number of processes, it ensures that processes can always receive resources in a way that avoids deadlock, as there will be enough resources to satisfy at least one process at any time."
"Pre-emption in Tasks","d) i. Briefly explain 2 tasks for which non-pre-emption is necessary. <br> ii. Briefly explain 2 tasks for which pre-emption is necessary.","i. Non-pre-emption Necessary:"
,,"1. Critical Financial Calculations: Stopping a financial calculation midway can result in incorrect outcomes."
,,"2. Database Transactions: Interrupting a database transaction can cause data inconsistency."
,,"ii. Pre-emption Necessary:"
,,"1. Multimedia Processing: Requires real-time adjustments to ensure smooth playback."
,,"2. Web Server Requests: Can be pre-empted to give priority to urgent requests or resource-heavy tasks."
"Memory Management","Why must the computer keep several processes in main memory?","Reason: Keeping multiple processes in memory allows the CPU to quickly switch between them, ensuring that the system is responsive and can efficiently handle multiple tasks concurrently. It maximizes resource utilization and minimizes latency."
"Memory Management Concepts","b) What are the differences between logical and physical addresses?","Logical Address: Address generated by the CPU during program execution, which is mapped to physical memory by the OS."
,,"Physical Address: Actual address in the main memory (RAM) where data is stored."
"Page Table and Segment Table","c) What are the differences between page table and segment table?","Page Table: Used in paging to map logical addresses to physical addresses, dividing memory into fixed-size pages."
,,"Segment Table: Used in segmentation to map logical segments (variable-sized) to physical memory."
"Memory Allocation Strategies","d) First-fit vs Best-fit Placement","First-fit: Allocates the first available block of memory that is large enough to hold the process. Simple but can leave fragmented memory."
,,"Best-fit: Allocates the smallest available block of memory that fits the process. This minimizes fragmentation but can lead to slower allocation times."
" Context switching refers to the process of saving the state of a currently running process and loading the state of a new process. The operating system uses context switching when switching between tasks.","What is the impact of context switching?","Context switching has several impacts: 1. Performance Overhead: Consumes CPU cycles, reducing efficiency. 2. Increased Latency: Time spent switching tasks increases the time taken to complete processes. 3. System Resources: Frequent switching leads to higher memory and cache utilization. 4. Reduced Throughput: Excessive context switching reduces system throughput as time is spent switching between tasks rather than executing them."
" A process control block (PCB) is a data structure that stores essential information about a process, allowing the operating system to manage and keep track of processes during execution.","What is the purpose of using process control blocks (PCB)? Describe the contents of a process control block associated with a process.","The Process Control Block (PCB) is used to store the state of a process, which allows the OS to pause and resume processes. The contents of the PCB include: 1. Process ID (PID): Unique identifier. 2. Process State: Current state (running, waiting, ready). 3. Program Counter: Address of the next instruction. 4. CPU Registers: Saved register values. 5. Memory Management Information: Pointers to memory segments. 6. Scheduling Information: Used by the scheduler. 7. I/O Status: Tracks I/O devices. 8. Accounting Information: Execution time and resource usage."
" Inter-Process Communication (IPC) refers to the mechanisms provided by the operating system for processes to exchange data and synchronize their activities.","What is meant by inter-process communication?","Inter-Process Communication (IPC) allows processes to exchange data and synchronize their actions. It is crucial for coordination between independent processes that need to share data or resources."
" IPC is necessary because processes often need to share data or coordinate, but each process runs in its own isolated memory space. There are several ways IPC can be achieved, such as through message passing or shared memory.","Describe two ways of inter-process communication.","1. Message Passing: Processes communicate by sending and receiving messages. This is widely used in distributed systems. 2. Shared Memory: Processes share a common memory space where they can write and read data. This method is faster than message passing because no data copying is required."
" The Bakery Algorithm ensures that multiple processes can access shared resources without conflict by assigning each process a unique number when they wish to enter a critical section.","Explain the Bakery algorithm and the data structures used for it.","The Bakery Algorithm uses two main data structures: 1. Number Array: Each process is assigned a unique number, and the process with the lowest number has priority. 2. Flag Array: A flag for each process indicating if it wishes to enter the critical section. The algorithm ensures fairness by giving priority to the process with the smallest number and ensuring that processes take turns in a fair manner."
" In scheduling, different terms describe how processes are managed and executed in an operating system, including the concept of a dispatcher and scheduling latency.","Describe the following terms: Preemptive process, Dispatcher, Dispatch latency, Throughput","1. Preemptive Process: A process that can be interrupted by the operating system to allow another process to run. 2. Dispatcher: The component of the OS responsible for selecting the next process to run and transferring control to it. 3. Dispatch Latency: The time taken by the dispatcher to switch from one process to another. 4. Throughput: The number of processes completed in a given time period, indicating system efficiency."
" In scheduling, certain activities may be preemptive or non-preemptive depending on the nature of the task, whether it's interruptible or requires continuous execution.","Describe whether the following activities are preemptive or non-preemptive. Justify your answer.","1. Doing Operations to Patients: Non-preemptive. Medical procedures cannot be interrupted for safety. 2. Serving Meals to Customers at a Hotel: Non-preemptive. The task should not be interrupted to maintain customer service quality. 3. Inquiring a Case at the Magistrate Court: Non-preemptive. Legal inquiries require undivided attention and cannot be interrupted. 4. Preparing for Undergraduate Exams: Preemptive. A student can take breaks and return to studying."
" Scheduling algorithms like Shortest Job First (SJF) and Shortest Remaining Time First (SRTF) manage the execution order of jobs in a system to optimize for waiting time and responsiveness.","Find the average waiting time of each job when the shortest job is first carried out.","In Shortest Job First (SJF), the job with the shortest burst time is executed first. The waiting time for each job can be calculated by the formula: Average waiting time = (sum of waiting times for all jobs) / number of jobs. Shorter jobs being executed first minimizes the overall waiting time for all processes."
" In preemptive scheduling, the next process is chosen based on the shortest remaining execution time, which may involve interruptions during the execution of processes.","Find the average waiting time of each job when the shortest remaining time job is first carried out.","In Shortest Remaining Time First (SRTF), processes are preempted if a shorter job arrives. The average waiting time can be calculated by considering the time each process waits before it starts execution, factoring in the preemptions."
" Scheduling methods like Shortest Job First (SJF) and Shortest Remaining Time First (SRTF) offer distinct performance characteristics that can affect efficiency and system throughput.","Discuss the performance of scheduling methods used in part (i) and (ii) above.","In SJF (non-preemptive), the shortest job is executed first, minimizing waiting time but may result in long jobs being delayed (starvation). In SRTF (preemptive), jobs are preempted based on their remaining execution time, leading to better responsiveness and throughput, but can incur higher context-switching overhead."
" The Banker's algorithm is used to avoid deadlock by ensuring that a system remains in a safe state through resource allocation and tracking.","Explain the data structures used in Banker's algorithm.","The Banker's Algorithm uses the following data structures: 1. Available Matrix: Tracks the number of available instances of each resource. 2. Allocation Matrix: Tracks the resources allocated to each process. 3. Max Matrix: Represents the maximum resources needed by each process. 4. Need Matrix: The difference between Max and Allocation matrices, representing the resources a process still needs. These matrices help the algorithm avoid deadlock by checking if a system is in a safe state."
" In real-world systems, deadlock can occur when processes become stuck waiting for resources, often due to improper resource allocation or lack of proper synchronization.","Discuss a real world deadlock problem.","A Database Management System (DBMS) can face deadlock when multiple transactions wait for locks on resources held by other transactions. For example, Transaction A holds a lock on Resource 1 and waits for Resource 2, while Transaction B holds a lock on Resource 2 and waits for Resource 1, causing a deadlock."
" Deadlock in a system arises under certain conditions when resources are not managed correctly, preventing processes from proceeding.","What are those 4 conditions for a deadlock?","The four necessary conditions for deadlock are: 1. Mutual Exclusion: Resources are limited and can only be allocated to one process at a time. 2. Hold and Wait: A process holds at least one resource and waits for additional resources. 3. No Preemption: Resources cannot be forcibly taken from a process. 4. Circular Wait: A set of processes exists where each process is waiting for a resource held by the next process in the cycle."
" Memory management techniques like overlays and fragmentation affect how resources are allocated and accessed by processes.","What is meant by overlays?","Overlays are a memory management technique where only part of a program is loaded into memory at any time. This technique is especially useful for large programs, as it allows only the necessary portion of the program to be loaded while others are kept in secondary storage, reducing memory usage."
" Memory allocation techniques like first-fit and best-fit algorithms determine how memory is allocated to processes based on their size and requirements.","Compare and contrast first fit and best fit placement algorithms.","First Fit allocates memory to the first available block that is large enough for the process. It is faster but may cause fragmentation. Best Fit allocates the smallest available block that fits the process, minimizing wasted space, but it can lead to more fragmentation and is slower than First Fit."
" In paging, a logical address is divided into pages, and a physical address corresponds to a frame in memory, allowing efficient memory management.","Describe logical to physical address translation in simple paging.","Paging works by dividing logical memory into pages, and physical memory into frames. The operating system uses a page table to map the logical pages to physical frames. When a process references memory, the page table is used to translate the logical address into the corresponding physical address."
"Digital Image Processing is the manipulation of an image to enhance its quality or extract useful information.","What is Digital Image Processing? Briefly explain.","Digital Image Processing refers to the use of computer algorithms to process and manipulate digital images, aimed at improving image quality or extracting relevant information. It includes techniques like filtering, enhancement, transformation, and segmentation."
"A pixel is the smallest unit of an image, representing a point with color and intensity. Resolution refers to the pixel count.","Explain the following terms.",
,"i. Pixel","A pixel is the smallest element of an image, containing specific color and intensity information. It is a single point within a digital image, and its resolution can be represented in terms of RGB or grayscale values."
,"ii. Resolution","Resolution refers to the number of pixels in an image, usually expressed in terms of width   height. Higher resolution means more pixels, leading to better image clarity and finer details."
"Digital Image Processing has wide applications across industries such as medicine, security, and entertainment.","Describe applications of digital image processing.","Digital Image Processing is applied in areas like: Medical Imaging (MRI, CT scans for diagnosing), Face Recognition (for security), Remote Sensing (satellite images for environmental monitoring), Image Compression (storing large files), and Video Surveillance (detecting intruders)."
"Gray level is the intensity of pixels, represented by values between black (0) and white (255).","What is meant by Gray Level?","Gray Level refers to the pixel intensity in a grayscale image, indicating the brightness or darkness of each pixel. Typically, gray levels range from 0 (black) to 255 (white) for 8-bit images."
"Spatial filtering works directly on pixel values to enhance an image or remove noise. It involves convolution with filters.","Classify Spatial Filtering and give a brief description.","Spatial filtering can be classified into: Low-pass filtering, which smoothens the image and removes high-frequency noise; and High-pass filtering, which enhances edges and fine details by highlighting the high-frequency components."
"Logical operators are used in image processing to manipulate pixel values. AND, OR, and NOT are basic operations.","Using suitable diagrams, show how the following logical operators can be used in image processing.",
,"i. AND","The AND operator performs a bitwise AND on corresponding pixels of two images. The result is a new image where the pixel is 1 only if both input pixels are 1. This operation is used for image masking or combining multiple binary images."
,"ii. OR","The OR operator performs a bitwise OR on corresponding pixels, resulting in 1 if at least one of the pixels is 1. This is useful for merging images or combining binary masks."
,"iii. NOT","The NOT operator inverts the pixel values, turning all 1s into 0s and vice versa. This is used for creating negative images or for certain masking operations."
"Image processing involves working on pixel values in two domains: Spatial and Transform. Spatial domain directly modifies pixels.","Define the following terms.",
,"i. Spatial domain","Spatial domain refers to image processing techniques that directly modify the pixel values in the image itself, such as in filtering and enhancement."
,"ii. Transform domain","Transform domain refers to operations that are applied after transforming the image from the spatial domain into another domain, such as the frequency domain using Fourier Transform."
"Histograms are essential tools for analyzing the distribution of pixel intensities in an image.","What is histogram in Image Processing?","A histogram in image processing shows the distribution of pixel intensities in an image. It represents how often each intensity value appears in the image and helps to understand the image's brightness contrast."
"Unsharp masking enhances details in an image by subtracting a blurred version from the original.","Define Unsharp Masking.","Unsharp Masking is a technique used to sharpen an image by subtracting a blurred version of the image from the original image, highlighting high-frequency components (edges) and improving image detail."
"Enhancing an image involves applying methods that improve details or clarity, such as combining different enhancement techniques.","Briefly explain how to enhance the output image to get a clear image with more details by combining spatial enhancement methods.","To enhance an image, you can combine High-pass filtering to sharpen the edges and Unsharp masking to further emphasize fine details, which together provide a clearer and more detailed image."
"Median filtering removes noise by replacing a pixel value with the median of surrounding pixels.","Give a brief note on median filtering used in reducing noise in an image.","Median Filtering reduces salt-and-pepper noise by replacing each pixel with the median value of its surrounding neighbors. This method preserves edges better than simple averaging, making it effective in removing outliers while keeping the image smooth."
"Different filtering techniques serve various purposes in enhancing or smoothing an image.","Explain the following filtering techniques.",
,"i. Low-pass filtering","Low-pass filtering reduces high-frequency noise by averaging pixel values and smoothing the image. This technique helps to blur out sharp details and smoothen rough areas."
,"ii. High-pass filtering","High-pass filtering emphasizes edges and fine details by boosting high-frequency components in the image, making it sharper and more focused on fine structures."
"High-frequency components in the Fourier Transform correspond to areas of rapid intensity changes.","What is the relationship between high-frequency components of Fourier transform and the rate of change of gray levels?","High-frequency components in the Fourier Transform correspond to rapid changes in pixel intensities, such as sharp transitions between light and dark regions. These are areas of high gray level variation, such as edges or abrupt changes."
"Unsharp masking involves enhancing high-frequency components by subtracting a blurred version from the image.","Which is the generalized form of unsharp masking?","The generalized form of unsharp masking involves blurring the image, subtracting the blurred version from the original image, and optionally amplifying the high-frequency components to sharpen edges and details."
"Fourier Transform is a mathematical technique used for analyzing the frequency components of a signal.","Give a brief description of Discrete Fourier Transform.","Discrete Fourier Transform (DFT) is a technique used to transform an image from the spatial domain to the frequency domain, breaking the image down into sinusoidal components of different frequencies for further analysis and processing."
"Image segmentation is the process of dividing an image into segments or objects for easier analysis.","What is image segmentation?","Image segmentation involves partitioning an image into multiple regions or objects, often based on similar attributes such as color, intensity, or texture, to facilitate easier analysis of individual segments."
"Edge detection and line detection are key steps in segmenting and recognizing shapes in an image.","Give a brief note on the following.",
,"i. Edge detection","Edge detection identifies areas where pixel intensity changes sharply, helping to locate boundaries of objects. Common techniques include Sobel, Canny, and Prewitt edge detectors."
,"ii. Line detection","Line detection aims to identify straight lines or curves within an image. Techniques like Hough Transform are used to detect lines or other geometric shapes."
,"iii. What is Hough transform?","Hough Transform is a mathematical technique used for detecting simple geometric shapes like lines and circles within an image, by transforming the image into a parameter space."
,"iv. What is meant by thresholding?","Thresholding is a technique used to convert a grayscale image into a binary image by choosing a threshold pixel intensity, where values above the threshold become white and those below become black."
,"v. Briefly explain Watershed segmentation.","Watershed segmentation treats an image as a topographic surface and divides it into regions based on intensity levels, creating boundaries between neighboring regions."
"Morphological image processing focuses on image shapes and structures through specific operations.","What is meant by Morphological image processing?","Morphological image processing involves analyzing and processing the geometric structure of objects in an image. Key operations include dilation, erosion, opening, and closing, used for shape modification and feature extraction."
"Dilation and erosion are basic morphological operations used to expand or shrink object boundaries.","Name three Morphological Algorithms.","Three common Morphological algorithms are: Dilation, Erosion, and Opening/Closing."
"Dilation adds pixels to the boundaries of objects, while erosion removes pixels from boundaries.","Describe dilation and erosion.","Dilation adds pixels around the boundary of objects in an image, expanding their size. Erosion removes pixels from the boundary, reducing the size of objects."
"Canny edge detector identifies edges in an image by using a multi-step process.","Explain the characteristics and functionality of Canny edge detector.","The Canny edge detector involves: Noise Reduction (blurring), Gradient Calculation (to find edges), Non-maximum Suppression (to thin edges), and Edge Tracking by Hysteresis (to identify final edges in the image)."
"Hit-or-miss transformation and boundary-following are techniques for shape detection.","What is hit or miss transformation?","Hit-or-Miss Transformation is a morphological operation used to detect specific patterns or shapes in an image by comparing the image with a structuring element, marking where the structure exactly fits."
"Boundary-following algorithms trace object boundaries in an image to identify shapes.","What is the basic concept behind Boundary following algorithm?","The Boundary-following algorithm is a technique used to trace the edges of objects in an image. It begins at an arbitrary point on the object s boundary and follows the contour of the object until it completes the loop."
"Topological descriptors are used to describe the shape of objects within an image.","What are Topological descriptors?","Topological descriptors are properties used to describe an object's topological features such as Connectivity, Holes, and Boundary types. These are essential for analyzing shapes and objects in an image."
"Skeletonization reduces objects to their core form while maintaining their structure.","Briefly describe skeletonization in image processing.","Skeletonization is the process of reducing objects in an image to their skeletal form, preserving topological properties while simplifying the shape for analysis and recognition."
"Boundary descriptors help analyze and describe the shape of objects.","Describe three simple boundary descriptors.","Three simple boundary descriptors include: Perimeter (length of boundary), Compactness (how close the object is to a circle), and Eccentricity (how elongated the shape is)."
"Fourier descriptors are used to describe the shape of an object based on its Fourier transform.","State five properties of Fourier descriptors.","Five properties of Fourier descriptors include: Invariance to rotation, Invariance to scaling, Invariance to translation, Shape representation capability, and Robustness to noise."
"Banker's Algorithm is used to avoid deadlock in a system by dynamically allocating resources. It uses various data structures for tracking the system s state.","Explain the data structures used in Banker's algorithm.","The main data structures used in the Banker's Algorithm are: Available, Maximum, Allocation, and Need matrices. The Available matrix tracks available resources, the Maximum matrix holds the maximum demand for each process, the Allocation matrix tracks the resources currently allocated, and the Need matrix indicates the remaining resources required by each process to complete."
"A real-world deadlock can occur when two or more processes are waiting for resources held by each other.","Discuss a real-world deadlock problem.","A real-world example of deadlock is when two printers are involved in printing jobs, and both printers are being accessed by two processes that need access to the printers' resources. Each process holds one printer and waits for the other, creating a deadlock situation where neither can proceed."
"Deadlock occurs when four necessary conditions are met in an operating system.","What are those 4 conditions for deadlock?","The four conditions for deadlock are: 1) Mutual Exclusion: At least one resource is held in a non-shareable mode. 2) Hold and Wait: A process holding one resource is waiting for additional resources held by other processes. 3) No Preemption: Resources cannot be forcibly removed from processes. 4) Circular Wait: A set of processes are waiting for each other in a circular chain."
"A process can be in various states such as running, waiting, or terminated, and can switch between states as needed.","Explain the process states and how they are switched from one state to another?","A process can exist in several states such as New, Ready, Running, Waiting, and Terminated. It moves between these states based on events such as resource availability or time slices. For example, a process moves from Ready to Running when the scheduler selects it, and from Running to Waiting if it needs to wait for resources."
"Context switching is the process where the CPU switches from one process to another, which is an essential function in multitasking environments.","What is happening during context switching? Why is the context switch needed?","During context switching, the operating system saves the state of the currently running process and loads the state of the next process to be executed. This is necessary for multitasking, allowing multiple processes to share the CPU effectively without interfering with each other."
"The Process Control Block (PCB) holds critical information about a process, including its state, resources, and execution context.","Discuss the purpose of each component in the process control block.","The Process Control Block (PCB) contains key information such as: Process State (the current state of the process), Program Counter (the address of the next instruction), CPU Registers (the contents of all the registers), Memory Management Information (the process's memory allocation), Accounting Information (CPU usage, time limits), and I/O Status Information (devices allocated to the process)."
"The Producer-Consumer problem involves managing a buffer shared by a producer and a consumer, where the producer adds items and the consumer removes them.","Consider the producer-consumer problem.",
,"i. Draw separate flowcharts for producer and consumer processes.",
,"ii. In the bounded buffer - shared memory solution of the above problem, how many items can be stored in the buffer?","The bounded buffer allows a fixed number of items (typically n items) to be stored. The buffer has a maximum capacity that is shared between the producer and consumer. The number of items in the buffer must be limited to avoid overflows or underflows."
,"iii. Explain the way to store and retrieve items in different situations of the producer-consumer problem using suitable examples.","In the producer-consumer problem, the producer stores items in the buffer, and the consumer retrieves them. In scenarios where the buffer is full, the producer must wait. When the buffer is empty, the consumer waits. Synchronization techniques, such as semaphores or mutexes, are used to ensure proper handling of these situations."
"Preemptive and non-preemptive scheduling are two approaches for managing process execution in an operating system.","Describe the following terms:",
,"i. Preemptive scheduling","Preemptive scheduling is a scheduling method where a process can be interrupted and moved to the ready queue by the operating system, allowing other processes to run before it completes."
,"ii. Non-preemptive scheduling","Non-preemptive scheduling is a scheduling method where a running process is allowed to continue execution until it voluntarily gives up the CPU or is blocked for I/O operations."
,"iii. Multiple processor scheduling","Multiple processor scheduling involves managing process execution across more than one processor in a system, allowing parallel processing and better resource utilization."
,"iv. Multilevel feedback queue","Multilevel feedback queue is a scheduling algorithm that uses multiple queues with different priority levels. Processes can move between these queues based on their behavior or time spent in the system."
"Round robin is a commonly used preemptive scheduling algorithm, where each process gets a fixed time slice for execution.","Explain advantages and disadvantages of round-robin scheduling.","Advantages of round-robin scheduling: Simple to implement, fair allocation of CPU time. Disadvantages: Performance may degrade with too many processes or inefficient use of CPU time if time quantum is too small."
"The length of the CPU time quantum impacts the system s efficiency in round-robin scheduling.","Discuss the effects of too small CPU time quantum and too big CPU time quantum.","If the CPU time quantum is too small, context switching overhead increases, leading to inefficiency. If it's too large, processes may not get a fair share of CPU time, leading to poor responsiveness for short processes."
"Atomic operations ensure that a series of operations is completed without interruption.","What is meant by atomic operation?","An atomic operation is an operation that runs completely independently of any other operations and is uninterruptible. It ensures data integrity by avoiding issues like race conditions in multi-threaded environments."
,"Explain the effect of atomic operation with an example.","In a bank account system, if two threads attempt to withdraw money at the same time, atomic operations ensure that the withdrawal operations are completed sequentially, avoiding issues where the account balance is incorrectly updated."
"An automated system at a channelling center assigns numbers to patients and manages their queues for doctor visits.","You are requested to develop an automated system for the following scenario: At a channelling center, a front desk clerk issues numbers to patients. Then the patients should wait in a queue and when the number is called by the attendant, the relevant patient should go into the doctor's room. After a patient got the treatment, his number will be disposed. If he wishes to see the doctor again, the patient should get another number.",
,"i. Describe the shared data structures to be used in the above automated system.","The shared data structures would include a queue to manage the order in which patients wait for treatment, and a list to store patient numbers. The system also needs a counter to generate new patient numbers. The queue is used to manage patient visits in the correct order."
,"ii. Provide an algorithm/pseudocode to automate (handle) this system.","Algorithm: 1. Initialize a queue for patients. 2. Generate patient numbers and add them to the queue. 3. When the patient number is called, remove the number from the queue and assign the patient to the doctor. 4. Once the treatment is done, dispose of the number, or assign a new one if needed."
"Busy waiting is a situation where a process continuously checks for a condition instead of yielding the CPU.","Describe Busy waiting and the effect of it.","Busy waiting occurs when a process continuously checks for a condition to be met (e.g., availability of resources) without yielding the CPU. This wastes CPU cycles and can lead to inefficiency, especially in a multi-process environment."
,"Currently, it has 30% idle time, all 5,000 jobs per month could still be run, although turnaround time would increase by about 20% on average. What are the arguments for installing the deadlock-avoidance algorithm?","Arguments for installing the deadlock-avoidance algorithm include ensuring smooth execution without process delays, improving resource utilization by preventing deadlocks, and maintaining system stability."
,"What are the arguments against installing the deadlock-avoidance algorithm?","Arguments against installing the deadlock-avoidance algorithm include its potential complexity, increased overhead from monitoring resource allocation, and the possibility that it could slow down system performance under high resource contention."
"Image Processing is crucial for analyzing and manipulating images for a variety of applications, such as medical imaging, satellite imaging, and more.","Why do we need Image Processing? Briefly explain.","Image Processing is important as it helps in enhancing images for clearer analysis, extracting useful information, and transforming images for use in various fields such as healthcare, security, entertainment, and remote sensing. It allows for tasks like noise reduction, edge detection, and image segmentation."
"Digital images can be represented as a matrix, where each element represents a pixel's intensity or color.","Explain how a digital image can be represented using a matrix.","A digital image can be represented as a matrix where each element (or entry) corresponds to the pixel's value in the image. In a grayscale image, each matrix entry represents a pixel s intensity, typically in a range from 0 to 255. In color images, each pixel is represented by a set of values for Red, Green, and Blue (RGB)."
"A pixel is the smallest unit of a digital image, and resolution defines the image quality.","Explain the following terms.","i. Pixel: The smallest element of an image, representing the color or intensity of the image at a specific location. ii. Resolution: Refers to the amount of detail an image holds, typically defined by the number of pixels in width and height (e.g., 1920x1080 resolution). A higher resolution means more detail."
"Image acquisition is the process of capturing an image using sensors like cameras or scanners.","Give a brief note on image acquisition done using sensors.","Image acquisition is done by capturing light from a scene using sensors, such as cameras or scanners. These sensors convert light into digital signals, which are then processed to form an image. The quality of the acquired image depends on the sensor type, resolution, and other settings of the imaging device."
"Neighbours of a pixel can be defined using various neighborhoods, such as N4(P), N8(P), and Ns(P).","Neighbours of a pixel are represented using N4(P), N8(P), and Ns(P). Using a suitable diagram show how N4(P) Union N8(P) = Ns(P).","N4(P) represents the four direct neighbors (up, down, left, right) of a pixel P. N8(P) includes all eight surrounding neighbors, including diagonals. The union of these sets (N4(P) Union N8(P)) gives the set Ns(P), which represents all the neighbors of the pixel P. See a diagram below:"
,"Using suitable diagrams show how the following logical operators can be used in image processing.","AND: Both pixels must be 1 to return 1. If any of the pixels is 0, the result will be 0."
,,"OR: If either pixel is 1, the result will be 1."
,,"NOT: Inverts the pixel value (0 becomes 1 and 1 becomes 0). These logical operators are used for operations such as masking and binary image manipulation."
"Spatial and transform domains refer to the methods of processing an image either in the pixel space or frequency space.","Define the following terms.","i. Spatial domain: The domain where images are processed based on pixel values and their position in the image."
,,"ii. Transform domain: The domain where image processing techniques are applied to the frequency components of the image, typically using methods like Fourier Transform."
"Gray level transformations modify the intensity of the pixels in an image.","Explain the following gray level transformation methods.","i. Linear transformation: A transformation where pixel intensities are scaled and shifted linearly. This can be used to adjust contrast or brightness."
,,"ii. Logarithmic transformation: A transformation that compresses the dynamic range of the pixel intensities, typically used to enhance dark regions of an image."
"Intensity level slicing enhances certain pixel intensity ranges in an image.","Intensity level slicing can be achieved by using two techniques. State those two techniques.","The two techniques for intensity level slicing are: 1) Thresholding, where pixel intensities are categorized into different levels (e.g., binary segmentation). 2) Piecewise linear transformation, where pixel intensities are mapped to new levels based on a specified function."
"A histogram is a graphical representation of pixel intensity distribution in an image.","Using suitable graphs explain what happens to an image histogram when brightness is increased and decreased.","When brightness is increased, the histogram shifts towards higher pixel values (right side), making the image appear brighter. When brightness is decreased, the histogram shifts towards lower pixel values (left side), making the image appear darker."
"Median filtering is a nonlinear filtering technique used to reduce noise in images.","Give a brief note on median filtering used in reducing noise in an image.","Median filtering works by replacing each pixel s value with the median of the pixel values in its neighborhood. It is particularly effective in removing salt-and-pepper noise, where random black and white pixels appear in the image."
"Filtering techniques manipulate the pixel values in an image to either enhance or suppress certain features.","Explain the following filtering techniques.","i. Low-pass filtering: Removes high-frequency components from the image, often used for noise reduction or blurring."
,,"ii. High-pass filtering: Emphasizes the high-frequency components, used for edge detection and enhancing fine details."
"Fourier Transform is a mathematical technique used to analyze the frequency components of an image.","State how Fourier transformation is used in image processing.","Fourier Transform is used in image processing to convert an image from the spatial domain to the frequency domain. This allows for the analysis and manipulation of the frequency components of the image, useful for tasks such as filtering, compression, and feature extraction."
"Discrete Fourier Transform (DFT) is a specific form of Fourier transform used in digital image processing.","Give a brief definition of Discrete Fourier Transform.","Discrete Fourier Transform (DFT) converts a discrete signal (e.g., a digital image) from the spatial domain to the frequency domain. It breaks down the signal into sinusoidal components with varying frequencies, which can be analyzed for various image processing applications."
"Morphological operations involve transformations that process the shape or structure of objects in an image.","Compare and contrast dilation and erosion.","Dilation adds pixels to the boundaries of objects in an image, expanding them. Erosion removes pixels from the boundaries, shrinking objects. Dilation is used to fill small holes, while erosion is used to separate connected objects or remove noise."
"Opening and closing are morphological operations that combine dilation and erosion.","Explain opening and closing with dilation and erosion.","Opening is a dilation followed by erosion, which smooths boundaries and removes small objects. Closing is an erosion followed by dilation, which fills small holes and connects broken parts of objects."
"Hit-or-miss transformation is used for extracting specific shapes or patterns in binary images.","What is the usage of using hit-or-miss transformation?","Hit-or-miss transformation is used to detect specific patterns or shapes in binary images, such as detecting objects or particular arrangements of pixels. It involves using a structuring element to match a certain pattern or object in the image."
"Morphological algorithms manipulate the structure and shape of objects in an image.","Name five basic morphological algorithms.","The five basic morphological algorithms are: 1) Dilation, 2) Erosion, 3) Opening, 4) Closing, and 5) Hit-or-Miss."
"Morphological reconstruction is a technique used for processing image shapes and structures in a controlled manner.","Explain the characteristics of morphological reconstruction.","Morphological reconstruction involves reconstructing an image by iteratively applying dilation and erosion operations. It is typically used to preserve important features of objects in the image while removing noise or unwanted elements."
"Grayscale morphological algorithms operate on the intensity values of pixels in an image.","Name and briefly explain two basic grayscale morphological algorithms.","Two basic grayscale morphological algorithms are: 1) Dilation: Increases the pixel values in the neighborhood, highlighting bright features. 2) Erosion: Reduces pixel values in the neighborhood, shrinking bright features."
"Image segmentation is the process of dividing an image into meaningful regions or segments.","Describe image segmentation in your own words.","Image segmentation is the process of dividing an image into distinct regions or objects based on specific criteria, such as color, intensity, or texture. It is useful in various applications like object detection and medical imaging."
"Canny edge detection is an algorithm used to detect edges in an image, making the object boundaries more apparent.","Explain the characteristics and functionality of canny edge detector.","The Canny edge detector works by applying Gaussian smoothing, computing intensity gradients, and detecting edges using non-maximum suppression and edge tracing by hysteresis. The result is a cleaner and more accurate edge map."
"Parallel processing is required to improve performance in tasks that are too complex or time-consuming for a single processor.","Explain why parallel processing is required even when more powerful sequential machines are available?","Parallel processing is required even with more powerful sequential machines because some problems, especially those involving large datasets or complex computations, require breaking the task into smaller parts that can be processed simultaneously. A powerful sequential machine may still be limited by its clock speed or inability to handle tasks concurrently."
"Inter-process communication (IPC) is crucial for processes to communicate and share data. IPC can occur through shared memory or distributed memory models.","Discuss the inter-process communication with shared memory and distributed memory.","Shared memory allows multiple processes to access and modify the same memory space, which can be faster but requires synchronization mechanisms to avoid conflicts. Distributed memory involves each process having its own private memory, and communication occurs through message passing, which can be slower but is more scalable."
"Using shared and distributed memory models allows efficient handling of tasks in parallel systems.","Demonstrate how you could use these two memories for computing the product of N numbers with 5 processors.","In shared memory, all processors access a common memory space. The numbers can be divided into chunks, with each processor multiplying a subset of numbers, then using synchronization to combine the results. In distributed memory, each processor has its own memory, so data would need to be passed between processors to share partial products, and message passing would be used."
"Granularity refers to the size of tasks in parallel computing, while degree of concurrency indicates how many tasks can run simultaneously.","Define the following terms: i. Granularity ii. Degree of concurrency","i. Granularity: Refers to the size of tasks in a parallel computation. It can be fine-grained (small tasks) or coarse-grained (larger tasks)."
,,"ii. Degree of concurrency: Refers to the number of tasks or processes that can be executed simultaneously in a parallel system."
"Granularity and degree of concurrency are often related but not directly proportional.","Do you think that the same granularity always leads to the same average degree of concurrency? Justify your answer.","No, granularity does not always lead to the same degree of concurrency. A fine-grained task may have a high degree of concurrency, but it could also incur high overhead due to frequent synchronization. A coarse-grained task may have lower overhead but lower concurrency. The efficiency depends on the balance between task size and synchronization."
"Decomposing a complex SQL query into tasks can improve execution efficiency in a parallel environment.","Consider the following SQL query. Illustrate how you could decompose this query into several tasks.","The SQL query can be decomposed as follows: 1) Task 1: Select Student.id and Enroll.sid, filtering by age."
,,"2) Task 2: Join Student with Enroll."
,,"3) Task 3: Join the result with Course."
,,"4) Task 4: Join with Department and filter by department name."
,,"5) Task 5: Final projection of selected columns."
"Flynn's classification helps categorize computer architectures based on instruction and data streams.","What is Flynn's classification of computer architectures?","Flynn's classification categorizes computer architectures into four types:"
,,"1) SISD (Single Instruction stream, Single Data stream): Traditional sequential computers."
,,"2) SIMD (Single Instruction stream, Multiple Data stream): Used in vector processors."
,,"3) MISD (Multiple Instruction streams, Single Data stream): Rarely used."
,,"4) MIMD (Multiple Instruction streams, Multiple Data streams): Used in multi-core and distributed systems."
"Flynn's taxonomy helps identify the strengths and weaknesses of different computing models.","Write 2 advantages and 2 disadvantages of Flynn's Taxonomy.","Advantages: 1) Helps in understanding parallelism in computer architectures."
,,"2) Provides a framework for classifying a wide range of systems."
,,"Disadvantages: 1) The classification doesn't account for hybrid systems."
,,"2) Doesn't address the impact of interconnection architecture."
"Parallel computing involves using multiple processors to perform iterative calculations.","Consider the formula: f(x + 1) = f(x) + J(x)","For 3 iterations, the task distribution looks like this:"
,"It is required to calculate J(x + 1) iteratively with 4 processors. The processing is started with x = x0. Processor P1 computes f(x), then processor P2 computes J(x), and then processor P3 computes J(x). Finally, processor P4 computes J(x + 1). Assume that P1, P2, & P3 take 2, 3, and 2 time units for each computation. Show the computation for 3 iterations.","Iteration 1:"
,,"P1 computes f(x0), P2 computes J(x0), P3 computes J(x0) (all in their respective time units). P4 computes f(x1)."
,,"Iteration 2:"
,,"P1 computes f(x1), P2 computes J(x1), P3 computes J(x1) (all in their respective time units). P4 computes f(x2)."
,,"Iteration 3:"
,,"P1 computes f(x2), P2 computes J(x2), P3 computes J(x2). P4 computes J(x + 1)."
"Amdahl's Law and efficiency calculations are critical for understanding the scalability of parallel systems.","Write down a formula to express Amdahl's law.","Amdahl's Law is expressed as: S=1(1?P)+PNS = \frac{1}{(1 - P) + \frac{P}{N}}S=(1?P)+NP?1? where:"
,,"S is the speedup, P is the parallel portion of the task, and N is the number of processors."
"Efficiency is a metric to evaluate how effectively parallel processing resources are utilized.","Write down a formula to calculate efficiency in parallel programming environment.","The formula for efficiency in parallel computing is: E=SN=1(1?P)+PNNE = \frac{S}{N} = \frac{\frac{1}{(1 - P) + \frac{P}{N}}}{N}E=NS?=N(1?P)+NP?1?? where: S is the speedup, N is the number of processors, and P is the parallelizable portion of the task."
"A practical example helps in understanding how to calculate the speedup and efficiency of a parallel system.","Consider the following problem: A task consists of 50 operations. 30 operations can be done in parallel each taking 1 time unit. All remaining operations can be done in 1 time unit. The system consists of 20 processors. Calculate the speedup and efficiency values using formulas in part a and part b.","Speedup: S=50(50?30)+3020=5020+1.5=2.14S = \frac{50}{(50 - 30) + \frac{30}{20}} = \frac{50}{20 + 1.5} = 2.14S=(50?30)+2030?50?=20+1.550?=2.14"
,,"Efficiency: E=S20=2.1420=0.107E = \frac{S}{20} = \frac{2.14}{20} = 0.107E=20S?=202.14?=0.107."
"Parallel computer memory architectures are essential in managing shared and private memory spaces.","Describe briefly on parallel computer memory architectures.","Parallel computer memory architectures are classified into two types: Shared memory (multiple processors access a common memory space) and Distributed memory (each processor has its own memory, and communication occurs through message passing). Hybrid systems also exist."
"Cache coherence ensures consistency between different caches in a multi-core system.","What is cache coherence? Briefly explain why it is necessary.","Cache coherence ensures that all processors in a system have the most recent and consistent data in their caches. It is necessary because multiple processors may have cached copies of the same memory location, and without coherence, processors might work with outdated data."
"Core communication in a coherent system must be properly managed to avoid race conditions.","Consider the following 2 cores in a coherent system:","In this scenario, there are potential race conditions. The possible outcomes are:"
,"Core 1 A = 1; Core 2 A = 0; while (A = 1); while (A = 0); A = 1; A = 0; print (Done Job 1!); print (Done Job 2!);","1) Job 1 is done first, where Core 1 writes 1, and Core 2 writes 0. Core 1 waits for Core 2 to write 0 and vice versa."
,"Explain all possible outcomes. Justify your answer.","2) Job 2 is done first. The outcome depends on how the memory operations are synchronized and whether there's proper cache coherence to ensure the correct result."
"Real-Time Systems: These systems need to respond to inputs within a strict time frame.","Describe the following terms: i. Real-Time Systems","Real-Time Systems are designed to process data and respond to inputs in a fixed, predictable time frame. These systems are essential in environments where timing is critical, such as medical devices or industrial control systems."
"Distributed Systems: These systems consist of multiple independent entities that communicate over a network.","ii. Distributed Systems","Distributed Systems involve multiple autonomous computers or processes that communicate over a network to achieve a common goal. Examples include cloud computing systems and peer-to-peer networks."
"Parallel Computing: Involves dividing tasks into smaller parts and processing them simultaneously.","iii. Parallel Computing Systems","Parallel Computing Systems are systems that use multiple processors or cores to execute tasks in parallel, reducing the time required for large computations."
"Timesharing Systems: Multiple users can interact with the system simultaneously.","iv. Timesharing Systems","Timesharing Systems allow multiple users to interact with a computer system simultaneously. The system allocates short time slices to each user, giving the illusion of concurrent execution. Examples include mainframes and multi-user operating systems."
"Batch Systems: Tasks are processed in groups without user interaction.","Describe disadvantages of simple batch systems.","Disadvantages of Simple Batch Systems: 1) Lack of user interaction, leading to delays in processing; 2) Limited flexibility; 3) Resource allocation inefficiency as jobs have to wait in a queue; 4) Difficulty in handling real-time or dynamic user requests."
"Distributed Systems Advantages: Used in scenarios that require reliability and scalability.","Explain the advantages and applications of Distributed Systems.","Advantages of Distributed Systems: 1) Scalability   able to handle growing demands; 2) Reliability   failures in one part don't cause total failure; 3) Flexibility   different types of services or applications can coexist. Applications: cloud computing, web services, file sharing."
"Hard and Soft Real Systems: Hard real systems are stricter in timing constraints than soft real systems.","Compare and contrast Hard Real Systems and Soft Real Systems.","Hard Real Systems: Must meet strict timing constraints, where missing a deadline can lead to catastrophic failure (e.g., embedded systems in aerospace)."
,,"Soft Real Systems: Timing is important, but occasional deadline misses are tolerable (e.g., multimedia systems)."
"Context Switching: Refers to saving and loading process states for multitasking.","a. What is meant by context switching?","Context Switching is the process of saving the state of a currently running process and loading the state of another, allowing for multitasking in systems with multiple processes."
"Context Switching Use: Enables multitasking in systems.","b. Discuss the use of context switching.","Context switching allows the CPU to switch between multiple processes, enabling multitasking. This is essential for operating systems to handle multiple processes or threads efficiently, giving the illusion of simultaneous execution on single-core systems."
"Waiting Time Calculation: Refers to the time a process spends waiting in the queue.","c. Following is a set of processes with their respective CPU burst times (in milliseconds). Further, all processes arrived at the same time.","1) Pl, P2 & P3: The average waiting time is calculated by considering the time each process spends in the queue."
,"Calculate the average waiting time, if the processes arrived in the following order:","2) P2, P3 & Pl: Similarly, calculate the waiting times for the different sequence of processes. (Detailed solution can be worked out step-by-step with burst time calculation)."
,"Pl, P2 & P3",
,"ii. P2, P3 & Pl",
"Scheduling Algorithms: First-Come-First-Serve (FCFS) and Round Robin are scheduling strategies.","d. Compare and contrast first-come-first-serve and round robin scheduling.","FCFS: Processes are scheduled in the order they arrive. Simplicity is an advantage, but it can lead to long waiting times for shorter processes."
,,"Round Robin: Processes are scheduled in fixed time slices, ensuring fairness but possibly leading to high context switching overhead."
"Process Control Block (PCB): Contains information related to process management.","Explain the details available in Process Control Block.","A Process Control Block (PCB) stores process information such as process state, program counter, CPU registers, memory management information, I/O status, and other details required for process scheduling and management."
"Shared Memory for Bounded Buffer Problem: Used to handle data communication between producer and consumer.","d. In the shared memory solution to solve the bounded buffer problem, buffer size - 1 items can be stored in the buffer.","Shared memory allows both the producer and consumer processes to access the buffer. The producer adds items, and the consumer removes them. Synchronization mechanisms like semaphores ensure that the buffer does not overflow or underflow."
"Atomic Operation: Refers to operations that cannot be interrupted or altered.","What is meant by atomic operation?","An atomic operation is an operation that runs completely independently of any other operations and is uninterruptible, ensuring data consistency. Example: transferring money from one account to another should be atomic to prevent issues like partial transfers."
"Atomic Operation Effect: Ensures the consistency and correctness of operations in critical systems.","Describe the effect of atomic operation with an example.","Example: In a bank transfer, if an atomic operation is used to debit one account and credit another, it ensures that the operation is completed fully or not at all, avoiding issues like partial deductions."
"Automated Queue System: Manages queues for handling patient visits in a medical setting.","i. Describe the shared data structures to be used in the above automated system.","A queue data structure can be used to manage the patient numbers. Shared data structures may include a simple queue (FIFO) that ensures that patients are processed in the order they arrived. The patient number is dequeued for each service and re-enqueued if another visit is required."
"Queue Management: Algorithm handles patient number allocation and queue processing.","ii. Provide an algorithm/pseudocode to automate (handle) this system.","Algorithm: 1) Initialize queue."
,,"2) Generate and enqueue patient number."
,,"3) When number is called, dequeue the patient for treatment."
,,"4) If further visits are required, re-enqueue the patient."
"Busy Waiting: Waiting for a condition without releasing resources.","Describe Busy waiting and the effect of it.","Busy waiting occurs when a process continuously checks for a condition (such as a flag or variable change) without relinquishing the CPU, leading to wasted CPU cycles and reduced system efficiency."
"Deadlock: A situation where processes are unable to proceed due to mutual resource holding.","Clearly describe deadlock and the effect of it.","Deadlock happens when two or more processes are blocked, each waiting for the other to release resources, creating a circular dependency that prevents all involved processes from proceeding."
"Banker's Algorithm: Used for deadlock avoidance by checking resource allocation safety.","b. Describe the data structures used in Banker's algorithm.","Banker's algorithm uses data structures such as Available, Max, Allocation, and Need matrices to track resource allocation and ensure that the system remains in a safe state while granting resources to processes."
"Deadlock Safety Algorithm: Ensures that resources are allocated safely without causing deadlock.","c. Describe the deadlock safety algorithm.","The Deadlock Safety Algorithm checks if there is a safe sequence of processes such that all processes can eventually complete their execution, ensuring no deadlock occurs. The system checks if all processes can be granted resources without entering an unsafe state."
"Unsafe State and Deadlock Avoidance: Demonstrates how processes can finish without deadlock.","d. Suppose that a system is in an unsafe state. Show that it is possible for the processes to complete their execution without entering a deadlock state.","If a system is in an unsafe state, it may still avoid deadlock by preemptively checking resource availability and ensuring that processes can proceed without being indefinitely blocked. A safe sequence can often be found even in an unsafe state."
